{
    "fit_time": 3.5234357357025146,
    "score_time": 0.06473569869995117,
    "test_f1": 1.0,
    "test_roc_auc": 1.0
}